,Subreddit,Title
0,AskReddit,How is everyone enjoying Reddit while Instagram Facebook and whatsapp are all down?
1,Showerthoughts,the clip of Will Smith already has more views than the film he won an Oscar for ever will
2,AskReddit,"Chris Rock is performing a standup gig tonight in Boston—his first appearance since the Oscars. If you were Chris, what would be the first joke you’d tell, assuming you’d want to acknowledge Will Smith’s slap?"
3,AskReddit,"Have you ever been drunk or high and came up with this truly amazing idea but then became sober and realized it wasn't as amazing as you thought it was? If so, what was the idea?"
4,Showerthoughts,The asteroid that ended the dinosaurs was technically the highest ratio of killing birds to one stone in Earth's history.
5,Showerthoughts,There’s enough sperm sitting in donation centres to impregnate every adult women on earth. If men disappeared tomorrow the human race would continue.
6,AskReddit,What wedding moment made you think: “They are not going to last long”?
7,AskReddit,"With the 2020's going down the history as ""the roaring what the fucks"" what event wouldn't surprise you if it were to happen now?"
8,Showerthoughts,"The part of The Ugly Duckling no one ever mentions is that, after a lifetime of bullying, the duckling grows into a swan, the undisputed biggest asshole of the bird kingdom."
9,AskReddit,"What moment made you say “Yep, I’m definitely dead”, but survived with no major injuries?"
10,AskReddit,"People who choose to be kind everyday despite of not receiving the same kindness back , what motivates you ?"
11,AskReddit,"Assuming athletes would be nude at modern Olympics (as there were in the ancient times), which discipline would be the most cringy or the most awkward to watch?"
12,AskReddit,"""God gave man a brain and a penis. And only enough blood to run one at a time."" - Robin Williams What are some real-life examples of this?"
13,Showerthoughts,"Nearly everyone values a human life over the life of an fish, but few people value a single human life over the life of every fish. Meaning everyone has a certain number of fish that they would prefer to be alive over Steve from work."
14,Showerthoughts,"Since the voice actors og Mickey Mouse and Minnie Mouse are married, there is a good chance they have done Mickey and Minnie Mouse voice during sex."
15,AskReddit,"Your consciousness is sent back to when you were at age 15, and you maintain all of your current knowledge and experience. What do you do?"
16,Showerthoughts,"If a sequel to a movie doesn’t have the screenwriters or directors of the first movie in it, it’s basically just a high-budget fanfiction"
17,AskReddit,"What movie is so good you'd recommend it to all your friends, but so emotionally traumatic that you'll never watch it again?"
18,Showerthoughts,Taking into consideration how big the universe is there has to be a penis shaped asteroid just floating around somewhere in space
19,AskReddit,What is a survival myth that is completely wrong and could get you killed?
20,Showerthoughts,"If lab-grown meat becomes the norm, our children and grandchildren will probably think we're monsters for killing and eating animals"
21,AskReddit,"Men of reddit, what is a great sex tip you have to share with other men of reddit?"
22,AskReddit,What are you the 1% of?
23,AskReddit,What's the most fucked up thing someone has told you about themselves after barely getting to know them?
24,Showerthoughts,"If stress ruins meat, then most humans must taste like garbage."
25,AskReddit,Which actor crushed a role so hard that nobody else will be able to live up to it?
26,Showerthoughts,"The movie ""Free Willy"" is about freeing a captive Orca while using a captive Orca to play the Orca they're trying to free from captivity."
27,AskReddit,"What improved your quality of life so much, you wish you did it sooner?"
28,Showerthoughts,Men can direct blood flow with only the power of their minds.
29,AskReddit,"You can have $1 billion but you can never get drunk or high again, are you interested? Why or why not?"
30,Showerthoughts,"Based on how much you can bond with someone by hating the same thing, a dating app based on dislikes would probably be fairly successful."
31,AskReddit,"To the people who record themselves crying and then post it to a social media, why?"
32,AskReddit,What the scariest true story you know?
33,AskReddit,What is the most disturbing thing to know?
34,Showerthoughts,There is a chance that someone you know will use your death as an excuse to get out of a social obligation they don’t want to go to.
35,AskReddit,What's some popular self-care/self-love advice that is actually really toxic?
36,Showerthoughts,Anytime you kiss someone’s stomach you’re inches away from a shit they’re gonna take soon
37,Showerthoughts,Any Bookmark worth more than a dollar is a waste of money because you could just use the dollar.
38,AskReddit,People who work at 5 Star Hotels: what type of shit goes on that management doesn’t want people to know?
39,AskReddit,"If we could set up a Truman Show scenario where Trump thinks he’s President again and the public send in scenarios for him to deal with, what would you suggest?"
40,AskReddit,When did you realize your “friends” were actually fake friends?
41,AskReddit,Ladies: What is a dead give-away that a man watches too much porn when he’s in bed with you?
42,AskReddit,What is far deadlier than most people realize? [serious]
43,AskReddit,"People who take an hour showering, what do you do?"
44,AskReddit,What's the weirdest thing you've seen happen at a friend's house that they thought was normal?
45,AskReddit,"Which dead celebrities are treated like saints, but were truly awful people when they were alive ?"
46,AskReddit,Make a wish employees What was the most strangest thing a make a wish kid asked for and actually received?
47,Showerthoughts,"If the Queen wore a pair of shoes once and sold them, they would gain value. If a random dude wore a pair of shoes once and sold them, they would lose value. But somewhere in between the Queen and the random dude is an ""equilibrium celebrity"" who could sell the shoes for the retail price."
48,AskReddit,"Women, what are some questions you’ve always wanted to ask men, but were too embarrassed?"
49,Showerthoughts,We really don't appreciate the fact that email is free
50,AskReddit,"Dungeon masters of reddit, what is the most USELESS item you gave your party that they were still able to exploit?"
51,AskReddit,What has no reason to exist in 2021 and yet it does?
52,Showerthoughts,"As an identical triplet, you are simultaneously one of the rarest and most common people on the planet."
53,AskReddit,"If all statues on Earth came to life and became hostile, which one would be the deadliest/scariest and be the most difficult to destroy?"
54,Showerthoughts,Online gaming is the only place as an adult you can talk shit to a child and no one does anything.
55,Showerthoughts,A guy walking around with one crowbar is more suspicious than a guy walking around with three crowbars.
56,AskReddit,"Those who’ve never had to dig through the trash to read cooking instructions on a package before, how’s life going for you?"
57,AskReddit,"people who take walks at night, what's the scariest thing you've seen?"
58,AskReddit,What single human has done the most damage to the progression of humanity in the history of mankind?
59,AskReddit,People who hoarded gas two weeks ago: how are things going for you now?
60,Showerthoughts,Being bored in your own house is somehow better than being bored at someone else's house.
61,AskReddit,"What do people think makes them look cool, but actually makes them look like a douchebag?"
62,AskReddit,What is the weirdest thing you find extremely attractive?
63,AskReddit,"Those of you who live in small towns, what is the current local controversy all about?"
64,Showerthoughts,People who can properly handle lottery winnings are the least likely to buy lottery tickets
65,Showerthoughts,We laugh at animals for having funny mating rituals but humans probably have the most complex and frustrating mating rituals of all
66,AskReddit,What two jobs are fine on their own but suspicious if you work both of them?
67,AskReddit,What’s your favorite question to ask someone to get to know them better?
68,Showerthoughts,Harry Potter was way too emotionally stable for a kid raised by people who hated him.
69,AskReddit,"[Serious] [NSFW] What's something that a friend/classmate did in high school that was seen as funny at the time, but you now realise was actually not ok?"
70,Showerthoughts,"Our smart watches may pretend that they don't, but they ABSOLUTELY know when we masturbate."
71,Showerthoughts,Every child is trained by their parents for a world that is one generation out of date.
72,AskReddit,What are you boycotting till the day you die?
73,AskReddit,What are some deeply unsettling facts that you know?
74,AskReddit,What is something that is considered kindness but is just basic human decency?
75,Showerthoughts,Night-owls kept our species alive for millions of years protecting the day walkers from nocturnal predators and our repayment was...being scorned and told we are lazy assholes.
76,AskReddit,"Murder attempt survivors, what happened?"
77,Showerthoughts,Your baby teeth are out there somewhere
78,Showerthoughts,A man can go through his whole life not knowing he is sterile. He just thinks condoms and birth control work really well.
79,AskReddit,What are some of the darker effects Covid-19 has had that we don’t talk about?
80,AskReddit,What do you consider the biggest threat to humanity?
81,AskReddit,People who cater to the super rich; What things have you seen?
82,AskReddit,"What basic, children's-age-level fact did you only find out embarrassingly later in life?"
83,AskReddit,What useful unknown website do you wish more people knew about?
84,AskReddit,What is a supernatural event that happened in your life that just can not be explained?
85,AskReddit,"What is something that was used heavily in the year 2000, but it's almost never used today?"
86,AskReddit,"A lot of famous recipes are claimed to be made with love, but what’s a dish that’s probably made with hatred?"
87,AskReddit,"What made you straight up ""nope"" out of a relationship?"
88,Showerthoughts,"If The Little Mermaid was remade or written for a modern audience, Ariel’s collection of treasure would not be framed as cute or quirky but probably as an environmental PSA for how much trash we toss in the ocean."
89,AskReddit,What are you addicted to that is perfectly legal?
90,AskReddit,"People who don't sleep naked, why?"
91,AskReddit,"What is NOT a bullet you dodged, but a huge tactical nuke you dodged?"
92,AskReddit,What’s a book everyone should read at least once in their lives?
93,AskReddit,What is a red flag from an employer that people might not immediately recognize as a red flag?
94,Showerthoughts,Sex shops would sell a lot more products if they had self-checkout
95,Showerthoughts,The most unbelievable thing in Guardians of the Galaxy is the fact that a cassette tape could still be playable after 25 years of frequent playing
96,AskReddit,"What is something free from the internet, which everyone should take advantage of?"
97,AskReddit,"What does your crazy neighbour do to be labelled ""the crazy neighbour""?"
98,AskReddit,What would ads on porn sites look like if the majority of watchers were straight women?
99,AskReddit,[SERIOUS] What is a seemingly normal photo that has a disturbing backstory?
